category,channel,video_url,video_id
Automobiles,https://www.youtube.com/@autofanaticcars,https://www.youtube.com/watch?v=Wqcy9do6YO0,Wqcy9do6YO0
Automobiles,https://www.youtube.com/@autofanaticcars,https://www.youtube.com/watch?v=NyNF0MfQN8s,NyNF0MfQN8s
Automobiles,https://www.youtube.com/@autofanaticcars,https://www.youtube.com/watch?v=x3vzurNYbyM,x3vzurNYbyM
Automobiles,https://www.youtube.com/@AutoAmateur,https://www.youtube.com/watch?v=qysq4YFOwPw,qysq4YFOwPw
Automobiles,https://www.youtube.com/@AutoAmateur,https://www.youtube.com/watch?v=B8zgCdINaAs,B8zgCdINaAs
Automobiles,https://www.youtube.com/@AutoAmateur,https://www.youtube.com/watch?v=4mXowy0SDhA,4mXowy0SDhA
Automobiles,https://www.youtube.com/@AutomotiveWoman,https://www.youtube.com/watch?v=dH9MZG84Oac,dH9MZG84Oac
Automobiles,https://www.youtube.com/@AutomotiveWoman,https://www.youtube.com/watch?v=rIX2VkQN2VM,rIX2VkQN2VM
Automobiles,https://www.youtube.com/@AutomotiveWoman,https://www.youtube.com/watch?v=wNkCiFv4On8,wNkCiFv4On8
Comedy,https://www.youtube.com/@ComedyUntamed,https://www.youtube.com/watch?v=33tr_eHCFbE,33tr_eHCFbE
Comedy,https://www.youtube.com/@ComedyUntamed,https://www.youtube.com/watch?v=8L8Up8daPYE,8L8Up8daPYE
Comedy,https://www.youtube.com/@ComedyUntamed,https://www.youtube.com/watch?v=_qpfYglF5bI,_qpfYglF5bI
Comedy,https://www.youtube.com/@PamelaComedy,https://www.youtube.com/watch?v=Tp4knuuvf4g,Tp4knuuvf4g
Comedy,https://www.youtube.com/@PamelaComedy,https://www.youtube.com/watch?v=NTnT9K-4dFg,NTnT9K-4dFg
Comedy,https://www.youtube.com/@PamelaComedy,https://www.youtube.com/watch?v=9PhPYLnWX0Y,9PhPYLnWX0Y
Comedy,https://www.youtube.com/@TwoFunnyMamas,https://www.youtube.com/watch?v=M3xsBhNaroY,M3xsBhNaroY
Comedy,https://www.youtube.com/@TwoFunnyMamas,https://www.youtube.com/watch?v=NKg9HIOOT24,NKg9HIOOT24
Comedy,https://www.youtube.com/@TwoFunnyMamas,https://www.youtube.com/watch?v=1e2hkwZfK0U,1e2hkwZfK0U
Entertainment,https://www.youtube.com/@AthenaPOfficial,https://www.youtube.com/watch?v=HQEuGwu5Foo,HQEuGwu5Foo
Entertainment,https://www.youtube.com/@AthenaPOfficial,https://www.youtube.com/watch?v=GDoqEJbx0eo,GDoqEJbx0eo
Entertainment,https://www.youtube.com/@AthenaPOfficial,https://www.youtube.com/watch?v=QIxs54oc_Uw,QIxs54oc_Uw
Entertainment,https://www.youtube.com/@OnMyMindEntertainment,https://www.youtube.com/watch?v=CJFuPvT7_H8,CJFuPvT7_H8
Entertainment,https://www.youtube.com/@OnMyMindEntertainment,https://www.youtube.com/watch?v=m54vkWTPTkE,m54vkWTPTkE
Entertainment,https://www.youtube.com/@OnMyMindEntertainment,https://www.youtube.com/watch?v=p9IHGcvMnp4,p9IHGcvMnp4
Entertainment,https://www.youtube.com/@priazentertainment,https://www.youtube.com/watch?v=-yxliLoSlfg,-yxliLoSlfg
Entertainment,https://www.youtube.com/@priazentertainment,https://www.youtube.com/watch?v=W12KqC6E2u0,W12KqC6E2u0
Entertainment,https://www.youtube.com/@priazentertainment,https://www.youtube.com/watch?v=ZDgbLORnWEw,ZDgbLORnWEw
Film,https://www.youtube.com/@omidfilms,https://www.youtube.com/watch?v=7I-wmPCJVzM,7I-wmPCJVzM
Film,https://www.youtube.com/@omidfilms,https://www.youtube.com/watch?v=SfIK6YVC2ng,SfIK6YVC2ng
Film,https://www.youtube.com/@omidfilms,https://www.youtube.com/watch?v=M5z4W0X58Ug,M5z4W0X58Ug
Film,https://www.youtube.com/@FilmStocked,https://www.youtube.com/watch?v=sGRfz6Pz9iM,sGRfz6Pz9iM
Film,https://www.youtube.com/@FilmStocked,https://www.youtube.com/watch?v=NzRZT9ZrAhY,NzRZT9ZrAhY
Film,https://www.youtube.com/@FilmStocked,https://www.youtube.com/watch?v=W6xfmbreL_M,W6xfmbreL_M
Film,https://www.youtube.com/@TheFilmJunkee,https://www.youtube.com/watch?v=hPFjL38AFyo,hPFjL38AFyo
Film,https://www.youtube.com/@TheFilmJunkee,https://www.youtube.com/watch?v=9LGlnwo6G38,9LGlnwo6G38
Film,https://www.youtube.com/@TheFilmJunkee,https://www.youtube.com/watch?v=EhSFtCfb5UQ,EhSFtCfb5UQ
News and Politics,https://www.youtube.com/@DavidFeldman,https://www.youtube.com/watch?v=mu94fMEGyNM,mu94fMEGyNM
News and Politics,https://www.youtube.com/@DavidFeldman,https://www.youtube.com/watch?v=Odsa5s3VAt8,Odsa5s3VAt8
News and Politics,https://www.youtube.com/@DavidFeldman,https://www.youtube.com/watch?v=F-EGlLs8uPg,F-EGlLs8uPg
News and Politics,https://www.youtube.com/@GeopoliticalEconomyReport,https://www.youtube.com/watch?v=3dw1pcDoewY,3dw1pcDoewY
News and Politics,https://www.youtube.com/@GeopoliticalEconomyReport,https://www.youtube.com/watch?v=JZ_5nuoB940,JZ_5nuoB940
News and Politics,https://www.youtube.com/@GeopoliticalEconomyReport,https://www.youtube.com/watch?v=BT7Th2aV0wM,BT7Th2aV0wM
News and Politics,https://www.youtube.com/@TheJohnnyDshow1,https://www.youtube.com/watch?v=Fwfk5FUUbTM,Fwfk5FUUbTM
News and Politics,https://www.youtube.com/@TheJohnnyDshow1,https://www.youtube.com/watch?v=TrXBcfZiO0M,TrXBcfZiO0M
News and Politics,https://www.youtube.com/@TheJohnnyDshow1,https://www.youtube.com/watch?v=ZkffnHnaPAU,ZkffnHnaPAU
Gaming,https://www.youtube.com/@Daszombes,https://www.youtube.com/watch?v=sD_6xIATgdA,sD_6xIATgdA
Gaming,https://www.youtube.com/@Daszombes,https://www.youtube.com/watch?v=QhaQwpfd85M,QhaQwpfd85M
Gaming,https://www.youtube.com/@Daszombes,https://www.youtube.com/watch?v=BLHYnCjhxjI,BLHYnCjhxjI
Gaming,https://www.youtube.com/@SolemnSunday,https://www.youtube.com/watch?v=roz9RSUdCoM,roz9RSUdCoM
Gaming,https://www.youtube.com/@SolemnSunday,https://www.youtube.com/watch?v=sZkRHBIjMeE,sZkRHBIjMeE
Gaming,https://www.youtube.com/@SolemnSunday,https://www.youtube.com/watch?v=7GF1HJlVhu8,7GF1HJlVhu8
Gaming,https://www.youtube.com/@GamingRulesVideos,https://www.youtube.com/watch?v=pSWMvXT6jCw,pSWMvXT6jCw
Gaming,https://www.youtube.com/@GamingRulesVideos,https://www.youtube.com/watch?v=XUx7riwsrwY,XUx7riwsrwY
Gaming,https://www.youtube.com/@GamingRulesVideos,https://www.youtube.com/watch?v=qfotOEHxFTk,qfotOEHxFTk
Science and Technology,https://www.youtube.com/@cppweekly,https://www.youtube.com/watch?v=HPMvU64RUTY,HPMvU64RUTY
Science and Technology,https://www.youtube.com/@cppweekly,https://www.youtube.com/watch?v=JAr0c6le_F8,JAr0c6le_F8
Science and Technology,https://www.youtube.com/@cppweekly,https://www.youtube.com/watch?v=EJtqHLvAIZE,EJtqHLvAIZE
Science and Technology,https://www.youtube.com/@TheDigitalDigest,https://www.youtube.com/watch?v=t-XbeTlcLt0,t-XbeTlcLt0
Science and Technology,https://www.youtube.com/@TheDigitalDigest,https://www.youtube.com/watch?v=aV9VvW8CC3c,aV9VvW8CC3c
Science and Technology,https://www.youtube.com/@TheDigitalDigest,https://www.youtube.com/watch?v=GUNlgcawBHs,GUNlgcawBHs
Science and Technology,https://www.youtube.com/@OzMechanics,https://www.youtube.com/watch?v=IVrhIx6Bs30,IVrhIx6Bs30
Science and Technology,https://www.youtube.com/@OzMechanics,https://www.youtube.com/watch?v=wmoQxiqYX3U,wmoQxiqYX3U
Science and Technology,https://www.youtube.com/@OzMechanics,https://www.youtube.com/watch?v=_LJW7UBlALY,_LJW7UBlALY
Shows,https://www.youtube.com/@poykpac,https://www.youtube.com/watch?v=JpBGRA6HHtY,JpBGRA6HHtY
Shows,https://www.youtube.com/@poykpac,https://www.youtube.com/watch?v=kAO4EVMlpwM,kAO4EVMlpwM
Shows,https://www.youtube.com/@poykpac,https://www.youtube.com/watch?v=w57JLmY5dmw,w57JLmY5dmw
Shows,https://www.youtube.com/@ThePascalShow,https://www.youtube.com/watch?v=NbavFr6zSDs,NbavFr6zSDs
Shows,https://www.youtube.com/@ThePascalShow,https://www.youtube.com/watch?v=qX-zwBNbaCE,qX-zwBNbaCE
Shows,https://www.youtube.com/@ThePascalShow,https://www.youtube.com/watch?v=_u7Tjgkz7Es,_u7Tjgkz7Es
Shows,https://www.youtube.com/@90sBabyShow,https://www.youtube.com/watch?v=8o4ulSPY4d8,8o4ulSPY4d8
Shows,https://www.youtube.com/@90sBabyShow,https://www.youtube.com/watch?v=ZZd7fLrwAIQ,ZZd7fLrwAIQ
Shows,https://www.youtube.com/@90sBabyShow,https://www.youtube.com/watch?v=80cyVMWE1zk,80cyVMWE1zk
Sports,https://www.youtube.com/@SportsInjuryPhysio,https://www.youtube.com/watch?v=C6loNMqxj7A,C6loNMqxj7A
Sports,https://www.youtube.com/@SportsInjuryPhysio,https://www.youtube.com/watch?v=5ompYPEHbyM,5ompYPEHbyM
Sports,https://www.youtube.com/@SportsInjuryPhysio,https://www.youtube.com/watch?v=iKlQMHrJiUQ,iKlQMHrJiUQ
Sports,https://www.youtube.com/@TheWFTDA,https://www.youtube.com/watch?v=OId6gTd2LCM,OId6gTd2LCM
Sports,https://www.youtube.com/@TheWFTDA,https://www.youtube.com/watch?v=0UinVsiezJY,0UinVsiezJY
Sports,https://www.youtube.com/@TheWFTDA,https://www.youtube.com/watch?v=zhUi13dU_88,zhUi13dU_88
Sports,https://www.youtube.com/@MegRemSoftball,https://www.youtube.com/watch?v=R2S_uh20nvc,R2S_uh20nvc
Sports,https://www.youtube.com/@MegRemSoftball,https://www.youtube.com/watch?v=URcUxaCEpYU,URcUxaCEpYU
Sports,https://www.youtube.com/@MegRemSoftball,https://www.youtube.com/watch?v=tHgIGsBkODo,tHgIGsBkODo
Pets and Animals,https://www.youtube.com/@MichelBehrends,https://www.youtube.com/watch?v=S9iUCKUXXxc,S9iUCKUXXxc
Pets and Animals,https://www.youtube.com/@MichelBehrends,https://www.youtube.com/watch?v=4CgoxUHcTpk,4CgoxUHcTpk
Pets and Animals,https://www.youtube.com/@MichelBehrends,https://www.youtube.com/watch?v=flg_6RUpQw8,flg_6RUpQw8
Pets and Animals,https://www.youtube.com/@JuniperFox,https://www.youtube.com/watch?v=9rkVTfEGK8Q,9rkVTfEGK8Q
Pets and Animals,https://www.youtube.com/@JuniperFox,https://www.youtube.com/watch?v=Q8ATi-PF9vE,Q8ATi-PF9vE
Pets and Animals,https://www.youtube.com/@JuniperFox,https://www.youtube.com/watch?v=BABrM4E42VM,BABrM4E42VM
Pets and Animals,https://www.youtube.com/@GTH2Gohan,https://www.youtube.com/watch?v=_AYZqrxZEDM,_AYZqrxZEDM
Pets and Animals,https://www.youtube.com/@GTH2Gohan,https://www.youtube.com/watch?v=D1FTKLMAshQ,D1FTKLMAshQ
Pets and Animals,https://www.youtube.com/@GTH2Gohan,https://www.youtube.com/watch?v=6LWrtQLwdGA,6LWrtQLwdGA
Music,https://www.youtube.com/@BigBagEnt,https://www.youtube.com/watch?v=YIWSEa5U9_U,YIWSEa5U9_U
Music,https://www.youtube.com/@BigBagEnt,https://www.youtube.com/watch?v=3q1bcrovelY,3q1bcrovelY
Music,https://www.youtube.com/@BigBagEnt,https://www.youtube.com/watch?v=ttXBIQRv-Yo,ttXBIQRv-Yo
Music,https://www.youtube.com/@fifibisnar,https://www.youtube.com/watch?v=Uj-HiUUfAT8,Uj-HiUUfAT8
Music,https://www.youtube.com/@fifibisnar,https://www.youtube.com/watch?v=C7mDqwjXjBc,C7mDqwjXjBc
Music,https://www.youtube.com/@fifibisnar,https://www.youtube.com/watch?v=bbWbRV0-1ok,bbWbRV0-1ok
Music,https://www.youtube.com/@MariVoilesDrumming,https://www.youtube.com/watch?v=bZlW_YxIYDs,bZlW_YxIYDs
Music,https://www.youtube.com/@MariVoilesDrumming,https://www.youtube.com/watch?v=uZBOTAjoXcc,uZBOTAjoXcc
Music,https://www.youtube.com/@MariVoilesDrumming,https://www.youtube.com/watch?v=TqJ5BWezQIw,TqJ5BWezQIw
Travel,https://www.youtube.com/@ONWorldTravel,https://www.youtube.com/watch?v=2lKEeCwi-AM,2lKEeCwi-AM
Travel,https://www.youtube.com/@ONWorldTravel,https://www.youtube.com/watch?v=JfA5baW3Q6c,JfA5baW3Q6c
Travel,https://www.youtube.com/@ONWorldTravel,https://www.youtube.com/watch?v=8RfxAl6ecSo,8RfxAl6ecSo
Travel,https://www.youtube.com/@ReadTravelBecome,https://www.youtube.com/watch?v=md_Kmk8lYPE,md_Kmk8lYPE
Travel,https://www.youtube.com/@ReadTravelBecome,https://www.youtube.com/watch?v=zks7vyBOvR8,zks7vyBOvR8
Travel,https://www.youtube.com/@ReadTravelBecome,https://www.youtube.com/watch?v=A9KTpXaRVco,A9KTpXaRVco
Travel,https://www.youtube.com/@Bemytravelmuse,https://www.youtube.com/watch?v=fYrMROuwuew,fYrMROuwuew
Travel,https://www.youtube.com/@Bemytravelmuse,https://www.youtube.com/watch?v=6-WpIaDZxm0,6-WpIaDZxm0
Travel,https://www.youtube.com/@Bemytravelmuse,https://www.youtube.com/watch?v=lGTwtfCGoZA,lGTwtfCGoZA